{
  "n_task_model_pairs": 706,
  "n_raw_records": 835,
  "data_summary": {
    "oracle_mean": 0.4717,
    "oracle_std": 0.3507,
    "oracle_min": 0.0,
    "oracle_max": 1.0,
    "uplift_mean": -0.0185,
    "uplift_std": 0.2835,
    "pearson_r": -0.2229,
    "pearson_p": 2.1283125928389035e-09
  },
  "model_fits": [
    {
      "name": "linear",
      "params": {
        "a": -0.180176,
        "b": 0.06651
      },
      "r2": 0.049686,
      "aic": -1812.0776,
      "bic": -1802.9584,
      "n_params": 2
    },
    {
      "name": "quadratic",
      "params": {
        "a": -0.090822,
        "b": -0.096754,
        "c": 0.058537
      },
      "r2": 0.050587,
      "aic": -1810.747,
      "bic": -1797.0682,
      "n_params": 3
    },
    {
      "name": "piecewise_linear",
      "params": {
        "breakpoint": 0.3,
        "left_slope": 0.141305,
        "left_intercept": 0.051112,
        "right_slope": -0.177596,
        "right_intercept": 0.061243
      },
      "r2": 0.055285,
      "aic": -1810.2496,
      "bic": -1787.4516,
      "n_params": 5
    },
    {
      "name": "logistic",
      "params": {
        "L": 0.057909,
        "k": -49.964195,
        "x0": 0.328557
      },
      "r2": 0.010633,
      "aic": -1781.6447,
      "bic": -1767.9659,
      "n_params": 3
    }
  ],
  "best_model": "linear",
  "ect": {
    "point_estimate": 0.3691,
    "ci_lower_95": 0.2697,
    "ci_upper_95": 0.4743,
    "n_bootstrap": 1000,
    "bootstrap_samples": [
      0.3563,
      0.4759,
      0.5772,
      0.6034,
      0.3019,
      0.4124,
      0.3841,
      0.3847,
      0.4494,
      0.4655,
      0.3896,
      0.3413,
      0.4081,
      0.2795,
      0.401,
      0.473,
      0.3539,
      0.3628,
      0.3891,
      0.3967,
      0.3584,
      0.385,
      0.2892,
      0.4573,
      0.4379,
      0.3619,
      0.2809,
      0.3512,
      0.4102,
      0.3466,
      0.2981,
      0.312,
      0.3741,
      0.3618,
      0.3993,
      0.3105,
      0.4348,
      0.4129,
      0.392,
      0.359,
      0.376,
      0.3787,
      0.3646,
      0.399,
      0.4029,
      0.3575,
      0.3776,
      0.4402,
      0.4132,
      0.3296,
      0.3572,
      0.3568,
      0.4045,
      0.251,
      0.2597,
      0.2815,
      0.3914,
      0.3833,
      0.4422,
      0.4208,
      0.3461,
      0.386,
      0.3109,
      0.3539,
      0.3062,
      0.357,
      0.3685,
      0.3894,
      0.3903,
      0.386,
      0.4092,
      0.3649,
      0.3935,
      0.3828,
      0.3242,
      0.3606,
      0.3371,
      0.316,
      0.435,
      0.3665,
      0.4311,
      0.2967,
      0.2494,
      0.394,
      0.4447,
      0.411,
      0.3795,
      0.3228,
      0.3306,
      0.3864,
      0.3672,
      0.3255,
      0.315,
      0.403,
      0.4339,
      0.394,
      0.3619,
      0.3977,
      0.5086,
      0.4351,
      0.3583,
      0.337,
      0.4035,
      0.3331,
      0.413,
      0.3996,
      0.368,
      0.3632,
      0.2698,
      0.3544,
      0.3714,
      0.3184,
      0.3651,
      0.2838,
      0.4362,
      0.3752,
      0.3556,
      0.3247,
      0.3652,
      0.354,
      0.3975,
      0.4248,
      0.3889,
      0.5766,
      0.5447,
      0.436,
      0.3243,
      0.3552,
      0.4929,
      0.3495,
      0.4448,
      0.4025,
      0.3908,
      0.4232,
      0.3799,
      0.3891,
      0.3336,
      0.417,
      0.3892,
      0.3745,
      0.4004,
      0.38,
      0.3741,
      0.3845,
      0.4011,
      0.418,
      0.4426,
      0.3417,
      0.3324,
      0.2523,
      0.3078,
      0.2639,
      0.3677,
      0.2872,
      0.3964,
      0.3426,
      0.3595,
      0.3054,
      0.3839,
      0.4136,
      0.3821,
      0.3949,
      0.4033,
      0.3269,
      0.3663,
      0.2451,
      0.4141,
      0.3725,
      0.2877,
      0.4069,
      0.374,
      0.5215,
      0.2461,
      0.3569,
      0.3215,
      0.3804,
      0.3339,
      0.3789,
      0.3933,
      0.3625,
      0.3651,
      0.3597,
      0.4278,
      0.3869,
      0.3394,
      0.3322,
      0.3893,
      0.4396,
      0.3529,
      0.3811,
      0.3883,
      0.427,
      0.2798,
      0.3785,
      0.4007,
      0.4149,
      0.3766,
      0.349,
      0.2608,
      0.3174
    ],
    "ect_per_functional_form": {
      "linear": {
        "ect": 0.3691,
        "true_crossing": true
      },
      "quadratic": {
        "ect": 0.4308,
        "true_crossing": true
      },
      "piecewise_linear": {
        "ect": 0.3448,
        "true_crossing": true
      },
      "logistic": {
        "ect": 1.0,
        "true_crossing": false
      }
    }
  },
  "per_model_ect": {
    "claude-haiku-4-5-20251001": {
      "n": 28,
      "ect": 0.966,
      "ci_lower": 0.868,
      "ci_upper": 1.0
    },
    "claude-sonnet-4-6": {
      "n": 28,
      "ect": 0.0,
      "ci_lower": 0.0,
      "ci_upper": 1.0
    },
    "gemini-3-flash-preview": {
      "n": 160,
      "ect": 0.622,
      "ci_lower": 0.461,
      "ci_upper": 0.763
    },
    "gemini-3.1-flash-lite-preview": {
      "n": 28,
      "ect": 1.0,
      "ci_lower": 0.0,
      "ci_upper": 1.0
    },
    "gpt-5-mini": {
      "n": 70,
      "ect": 0.774,
      "ci_lower": 0.674,
      "ci_upper": 0.896
    },
    "gpt-5-nano": {
      "n": 28,
      "ect": 0.66,
      "ci_lower": 0.111,
      "ci_upper": 1.0
    },
    "gpt-5.3-chat-latest": {
      "n": 28,
      "ect": 0.839,
      "ci_lower": 0.466,
      "ci_upper": 1.0
    },
    "gpt-5.4": {
      "n": 28,
      "ect": 1.0,
      "ci_lower": 0.0,
      "ci_upper": 1.0
    },
    "vllm:Qwen/Qwen2.5-Coder-32B-Instruct@http://localhost:8001/v1": {
      "n": 28,
      "ect": 0.0,
      "ci_lower": 0.0,
      "ci_upper": 1.0
    },
    "vllm:Qwen/Qwen3-14B@http://localhost:8003/v1": {
      "n": 28,
      "ect": 0.369,
      "ci_lower": 0.0,
      "ci_upper": 0.963
    },
    "vllm:Qwen/Qwen3-4B@http://localhost:8001/v1": {
      "n": 28,
      "ect": 0.121,
      "ci_lower": 0.0,
      "ci_upper": 0.245
    },
    "vllm:Qwen/Qwen3-8B@http://localhost:8002/v1": {
      "n": 28,
      "ect": 0.275,
      "ci_lower": 0.084,
      "ci_upper": 0.517
    },
    "vllm:Qwen/Qwen3-Coder-30B-A3B-Instruct@http://localhost:8005/v1": {
      "n": 28,
      "ect": 0.026,
      "ci_lower": 0.0,
      "ci_upper": 0.086
    },
    "vllm:Qwen/Qwen3.5-27B@http://localhost:8004/v1": {
      "n": 28,
      "ect": 0.0,
      "ci_lower": 0.0,
      "ci_upper": 0.027
    },
    "vllm:deepseek-ai/DeepSeek-R1-Distill-Qwen-32B@http://localhost:8007/v1": {
      "n": 28,
      "ect": 0.068,
      "ci_lower": 0.0,
      "ci_upper": 0.143
    },
    "vllm:google/codegemma-7b-it@http://localhost:8005/v1": {
      "n": 28,
      "ect": null,
      "ci_lower": null,
      "ci_upper": null
    },
    "vllm:google/gemma-3-27b-it@http://localhost:8003/v1": {
      "n": 28,
      "ect": 0.0,
      "ci_lower": 0.0,
      "ci_upper": 0.0
    },
    "vllm:mistralai/Devstral-Small-2-24B-Instruct-2512@http://localhost:8002/v1": {
      "n": 28,
      "ect": null,
      "ci_lower": null,
      "ci_upper": null
    },
    "vllm:openai/gpt-oss-20b@http://localhost:8004/v1": {
      "n": 28,
      "ect": 0.024,
      "ci_lower": 0.0,
      "ci_upper": 0.271
    }
  },
  "quintile_analysis": [
    {
      "quintile": 1,
      "oracle_range": [
        0.0,
        0.0
      ],
      "oracle_midpoint": 0.0,
      "n": 142,
      "mean_uplift": 0.0476,
      "ci_lower": 0.0206,
      "ci_upper": 0.0816,
      "cohens_d": 0.265,
      "significant": true
    },
    {
      "quintile": 2,
      "oracle_range": [
        0.0,
        0.36
      ],
      "oracle_midpoint": 0.18,
      "n": 141,
      "mean_uplift": 0.055,
      "ci_lower": 0.0178,
      "ci_upper": 0.0971,
      "cohens_d": 0.232,
      "significant": true
    },
    {
      "quintile": 3,
      "oracle_range": [
        0.36,
        0.6
      ],
      "oracle_midpoint": 0.48,
      "n": 141,
      "mean_uplift": -0.0175,